{
    "accuracy": 0.6504060233364869,
    "micro_f1": 0.6504060233364869,
    "macro_f1": 0.4218949858038726,
    "weighted_f1": 0.7200281667209982,
    "classification_report": {
        "0": {
            "precision": 0.9517611539751761,
            "recall": 0.6638122645703189,
            "f1-score": 0.7821256771098951,
            "support": 42741.0
        },
        "1": {
            "precision": 0.028834759710335747,
            "recall": 0.23650107991360692,
            "f1-score": 0.05140241755662481,
            "support": 926.0
        },
        "2": {
            "precision": 0.3306578651263971,
            "recall": 0.6235676899137077,
            "f1-score": 0.432156862745098,
            "support": 7069.0
        },
        "accuracy": 0.6504060233364869,
        "macro avg": {
            "precision": 0.437084592937303,
            "recall": 0.5079603447992111,
            "f1-score": 0.4218949858038726,
            "support": 50736.0
        },
        "weighted avg": {
            "precision": 0.8483787629715247,
            "recall": 0.6504060233364869,
            "f1-score": 0.7200281667209982,
            "support": 50736.0
        }
    },
    "confusion_matrix": [
        [
            28372,
            5893,
            8476
        ],
        [
            260,
            219,
            447
        ],
        [
            1178,
            1483,
            4408
        ]
    ]
}