{
    "accuracy": 0.6711210974456008,
    "micro_f1": 0.6711210974456008,
    "macro_f1": 0.4283987370862467,
    "weighted_f1": 0.7328802501410641,
    "classification_report": {
        "0": {
            "precision": 0.9476687947378604,
            "recall": 0.6876535410963711,
            "f1-score": 0.7969900345739271,
            "support": 42741.0
        },
        "1": {
            "precision": 0.03103392828429008,
            "recall": 0.2084233261339093,
            "f1-score": 0.05402379286214136,
            "support": 926.0
        },
        "2": {
            "precision": 0.33074131674442714,
            "recall": 0.631772527938888,
            "f1-score": 0.4341823838226716,
            "support": 7069.0
        },
        "accuracy": 0.6711210974456008,
        "macro avg": {
            "precision": 0.43648134658885923,
            "recall": 0.5092831317230561,
            "f1-score": 0.4283987370862467,
            "support": 50736.0
        },
        "weighted avg": {
            "precision": 0.8449830444171494,
            "recall": 0.6711210974456008,
            "f1-score": 0.7328802501410641,
            "support": 50736.0
        }
    },
    "confusion_matrix": [
        [
            29391,
            4758,
            8592
        ],
        [
            288,
            193,
            445
        ],
        [
            1335,
            1268,
            4466
        ]
    ]
}