{
    "accuracy": 0.6466611479028698,
    "micro_f1": 0.6466611479028698,
    "macro_f1": 0.42526617229136504,
    "weighted_f1": 0.7177357697132569,
    "classification_report": {
        "0": {
            "precision": 0.9531829471606954,
            "recall": 0.6554596289277275,
            "f1-score": 0.7767703654411356,
            "support": 42741.0
        },
        "1": {
            "precision": 0.028368794326241134,
            "recall": 0.24622030237580994,
            "f1-score": 0.0508758228271784,
            "support": 926.0
        },
        "2": {
            "precision": 0.3431018935978359,
            "recall": 0.6459188003960956,
            "f1-score": 0.448152328605781,
            "support": 7069.0
        },
        "accuracy": 0.6466611479028698,
        "macro avg": {
            "precision": 0.4415512116949241,
            "recall": 0.5158662438998777,
            "f1-score": 0.42526617229136504,
            "support": 50736.0
        },
        "weighted avg": {
            "precision": 0.8513018198908956,
            "recall": 0.6466611479028698,
            "f1-score": 0.7177357697132569,
            "support": 50736.0
        }
    },
    "confusion_matrix": [
        [
            28015,
            6443,
            8283
        ],
        [
            239,
            228,
            459
        ],
        [
            1137,
            1366,
            4566
        ]
    ]
}