{
    "accuracy": 0.6481196783349101,
    "micro_f1": 0.6481196783349101,
    "macro_f1": 0.4219267660324186,
    "weighted_f1": 0.7170264645786764,
    "classification_report": {
        "0": {
            "precision": 0.9511410577639331,
            "recall": 0.6572377810533212,
            "f1-score": 0.7773365617433414,
            "support": 42741.0
        },
        "1": {
            "precision": 0.027278865631330182,
            "recall": 0.21814254859611232,
            "f1-score": 0.04849357820189653,
            "support": 926.0
        },
        "2": {
            "precision": 0.33268101761252444,
            "recall": 0.6493139057858255,
            "f1-score": 0.43995015815201766,
            "support": 7069.0
        },
        "accuracy": 0.6481196783349101,
        "macro avg": {
            "precision": 0.43703364700259595,
            "recall": 0.508231411811753,
            "f1-score": 0.4219267660324186,
            "support": 50736.0
        },
        "weighted avg": {
            "precision": 0.848109868593618,
            "recall": 0.6481196783349101,
            "f1-score": 0.7170264645786764,
            "support": 50736.0
        }
    },
    "confusion_matrix": [
        [
            28091,
            5919,
            8731
        ],
        [
            248,
            202,
            476
        ],
        [
            1195,
            1284,
            4590
        ]
    ]
}