{
    "accuracy": 0.7006661936297698,
    "micro_f1": 0.7006661936297698,
    "macro_f1": 0.4382206006930834,
    "weighted_f1": 0.7473048225100549,
    "classification_report": {
        "0": {
            "precision": 0.9455083294410711,
            "recall": 0.710441964390164,
            "f1-score": 0.8112910120765202,
            "support": 42741.0
        },
        "1": {
            "precision": 0.033416614615865085,
            "recall": 0.11555075593952484,
            "f1-score": 0.05184108527131783,
            "support": 926.0
        },
        "2": {
            "precision": 0.3292690835981581,
            "recall": 0.7182062526524261,
            "f1-score": 0.4515297047314123,
            "support": 7069.0
        },
        "accuracy": 0.7006661936297698,
        "macro avg": {
            "precision": 0.43606467588503145,
            "recall": 0.5147329909940384,
            "f1-score": 0.4382206006930834,
            "support": 50736.0
        },
        "weighted avg": {
            "precision": 0.8430013884762395,
            "recall": 0.7006661936297698,
            "f1-score": 0.7473048225100549,
            "support": 50736.0
        }
    },
    "confusion_matrix": [
        [
            30365,
            2559,
            9817
        ],
        [
            294,
            107,
            525
        ],
        [
            1456,
            536,
            5077
        ]
    ]
}