{
    "accuracy": 0.614356669820246,
    "micro_f1": 0.614356669820246,
    "macro_f1": 0.4151514695576826,
    "weighted_f1": 0.7001218405816015,
    "classification_report": {
        "0": {
            "precision": 0.9563356164383562,
            "recall": 0.6272197655646803,
            "f1-score": 0.7575770420923233,
            "support": 42741.0
        },
        "1": {
            "precision": 0.02704866981048136,
            "recall": 0.3282937365010799,
            "f1-score": 0.049979449239621866,
            "support": 926.0
        },
        "2": {
            "precision": 0.35394679459223727,
            "recall": 0.5740557363134814,
            "f1-score": 0.43789791734110284,
            "support": 7069.0
        },
        "accuracy": 0.614356669820246,
        "macro avg": {
            "precision": 0.4457770269470249,
            "recall": 0.5098564127930806,
            "f1-score": 0.4151514695576826,
            "support": 50736.0
        },
        "weighted avg": {
            "precision": 0.8554446062245509,
            "recall": 0.614356669820246,
            "f1-score": 0.7001218405816015,
            "support": 50736.0
        }
    },
    "confusion_matrix": [
        [
            26808,
            8928,
            7005
        ],
        [
            220,
            304,
            402
        ],
        [
            1004,
            2007,
            4058
        ]
    ]
}