{
    "accuracy": 0.6797540208136235,
    "micro_f1": 0.6797540208136235,
    "macro_f1": 0.4318138152631592,
    "weighted_f1": 0.7404522882263577,
    "classification_report": {
        "0": {
            "precision": 0.9406642112491417,
            "recall": 0.705107508013383,
            "f1-score": 0.8060284304417016,
            "support": 42741.0
        },
        "1": {
            "precision": 0.031746031746031744,
            "recall": 0.22894168466522677,
            "f1-score": 0.05576012624934245,
            "support": 926.0
        },
        "2": {
            "precision": 0.34434276206322795,
            "recall": 0.5855142170038194,
            "f1-score": 0.43365288909843364,
            "support": 7069.0
        },
        "accuracy": 0.6797540208136235,
        "macro avg": {
            "precision": 0.43891766835280044,
            "recall": 0.5065211365608097,
            "f1-score": 0.4318138152631592,
            "support": 50736.0
        },
        "weighted avg": {
            "precision": 0.8409903197615372,
            "recall": 0.6797540208136235,
            "f1-score": 0.7404522882263577,
            "support": 50736.0
        }
    },
    "confusion_matrix": [
        [
            30137,
            5124,
            7480
        ],
        [
            313,
            212,
            401
        ],
        [
            1588,
            1342,
            4139
        ]
    ]
}