{
    "accuracy": 0.6968818984547461,
    "micro_f1": 0.6968818984547461,
    "macro_f1": 0.4374707180410761,
    "weighted_f1": 0.7460065309630648,
    "classification_report": {
        "0": {
            "precision": 0.9464570873908006,
            "recall": 0.7072132144779018,
            "f1-score": 0.8095289107903265,
            "support": 42741.0
        },
        "1": {
            "precision": 0.03103263777421081,
            "recall": 0.12526997840172785,
            "f1-score": 0.04974271012006861,
            "support": 926.0
        },
        "2": {
            "precision": 0.3329128211938118,
            "recall": 0.7092941010043854,
            "f1-score": 0.45314053321283326,
            "support": 7069.0
        },
        "accuracy": 0.6968818984547461,
        "macro avg": {
            "precision": 0.43680084878627445,
            "recall": 0.513925764628005,
            "f1-score": 0.4374707180410761,
            "support": 50736.0
        },
        "weighted avg": {
            "precision": 0.8442648085731667,
            "recall": 0.6968818984547461,
            "f1-score": 0.7460065309630648,
            "support": 50736.0
        }
    },
    "confusion_matrix": [
        [
            30227,
            2984,
            9530
        ],
        [
            293,
            116,
            517
        ],
        [
            1417,
            638,
            5014
        ]
    ]
}