{
    "accuracy": 0.6623304951119521,
    "micro_f1": 0.6623304951119521,
    "macro_f1": 0.42430807046352026,
    "weighted_f1": 0.7290027442282789,
    "classification_report": {
        "0": {
            "precision": 0.9441686545032557,
            "recall": 0.6852904705084111,
            "f1-score": 0.7941650963220043,
            "support": 42741.0
        },
        "1": {
            "precision": 0.031187524990004,
            "recall": 0.2526997840172786,
            "f1-score": 0.05552260054573496,
            "support": 926.0
        },
        "2": {
            "precision": 0.3341249692899844,
            "recall": 0.577167916254067,
            "f1-score": 0.42323651452282157,
            "support": 7069.0
        },
        "accuracy": 0.6623304951119521,
        "macro avg": {
            "precision": 0.43649371626108135,
            "recall": 0.5050527235932523,
            "f1-score": 0.42430807046352026,
            "support": 50736.0
        },
        "weighted avg": {
            "precision": 0.8425087022661482,
            "recall": 0.6623304951119521,
            "f1-score": 0.7290027442282789,
            "support": 50736.0
        }
    },
    "confusion_matrix": [
        [
            29290,
            5721,
            7730
        ],
        [
            291,
            234,
            401
        ],
        [
            1441,
            1548,
            4080
        ]
    ]
}