{
    "accuracy": 0.6400780510879849,
    "micro_f1": 0.6400780510879849,
    "macro_f1": 0.416938594360841,
    "weighted_f1": 0.7159734707793608,
    "classification_report": {
        "0": {
            "precision": 0.9454381632516853,
            "recall": 0.6628529982920381,
            "f1-score": 0.7793197353762361,
            "support": 42741.0
        },
        "1": {
            "precision": 0.028287788215200685,
            "recall": 0.2861771058315335,
            "f1-score": 0.05148630270060229,
            "support": 926.0
        },
        "2": {
            "precision": 0.3402034730748991,
            "recall": 0.54873390861508,
            "f1-score": 0.4200097450056846,
            "support": 7069.0
        },
        "accuracy": 0.6400780510879849,
        "macro avg": {
            "precision": 0.4379764748472617,
            "recall": 0.49925467091288384,
            "f1-score": 0.416938594360841,
            "support": 50736.0
        },
        "weighted avg": {
            "precision": 0.8443721495307871,
            "recall": 0.640078051087985,
            "f1-score": 0.7159734707793608,
            "support": 50736.0
        }
    },
    "confusion_matrix": [
        [
            28331,
            7263,
            7147
        ],
        [
            285,
            265,
            376
        ],
        [
            1350,
            1840,
            3879
        ]
    ]
}