{
    "accuracy": 0.6400780510879849,
    "micro_f1": 0.6400780510879849,
    "macro_f1": 0.420746436390291,
    "weighted_f1": 0.7110508302309859,
    "classification_report": {
        "0": {
            "precision": 0.9525502105045207,
            "recall": 0.6458201726679301,
            "f1-score": 0.7697541795061281,
            "support": 42741.0
        },
        "1": {
            "precision": 0.027824080010257726,
            "recall": 0.234341252699784,
            "f1-score": 0.04974212034383954,
            "support": 926.0
        },
        "2": {
            "precision": 0.33347661007235474,
            "recall": 0.6585089828830103,
            "f1-score": 0.44274300932090543,
            "support": 7069.0
        },
        "accuracy": 0.6400780510879849,
        "macro avg": {
            "precision": 0.4379503001957111,
            "recall": 0.5128901360835748,
            "f1-score": 0.420746436390291,
            "support": 50736.0
        },
        "weighted avg": {
            "precision": 0.8494177665142048,
            "recall": 0.6400780510879849,
            "f1-score": 0.7110508302309859,
            "support": 50736.0
        }
    },
    "confusion_matrix": [
        [
            27603,
            6300,
            8838
        ],
        [
            243,
            217,
            466
        ],
        [
            1132,
            1282,
            4655
        ]
    ]
}