{
    "accuracy": 0.6590586565752129,
    "micro_f1": 0.6590586565752129,
    "macro_f1": 0.4236393420599114,
    "weighted_f1": 0.7263615919155914,
    "classification_report": {
        "0": {
            "precision": 0.9443051983984896,
            "recall": 0.678739383729908,
            "f1-score": 0.7897960850507746,
            "support": 42741.0
        },
        "1": {
            "precision": 0.027881040892193308,
            "recall": 0.2267818574514039,
            "f1-score": 0.049657129344998815,
            "support": 926.0
        },
        "2": {
            "precision": 0.3378995433789954,
            "recall": 0.5966897722450134,
            "f1-score": 0.43146481178396073,
            "support": 7069.0
        },
        "accuracy": 0.6590586565752129,
        "macro avg": {
            "precision": 0.4366952608898928,
            "recall": 0.5007370044754418,
            "f1-score": 0.4236393420599114,
            "support": 50736.0
        },
        "weighted avg": {
            "precision": 0.8430892896712814,
            "recall": 0.6590586565752129,
            "f1-score": 0.7263615919155914,
            "support": 50736.0
        }
    },
    "confusion_matrix": [
        [
            29010,
            5885,
            7846
        ],
        [
            297,
            210,
            419
        ],
        [
            1414,
            1437,
            4218
        ]
    ]
}