{
    "accuracy": 0.622299747713655,
    "micro_f1": 0.622299747713655,
    "macro_f1": 0.41620004950498535,
    "weighted_f1": 0.7017471814174555,
    "classification_report": {
        "0": {
            "precision": 0.9576482311908321,
            "recall": 0.6295594394141457,
            "f1-score": 0.7596945185561625,
            "support": 42741.0
        },
        "1": {
            "precision": 0.028767979987492184,
            "recall": 0.2980561555075594,
            "f1-score": 0.05247148288973384,
            "support": 926.0
        },
        "2": {
            "precision": 0.3364765409383625,
            "recall": 0.6208798981468383,
            "f1-score": 0.4364341470690598,
            "support": 7069.0
        },
        "accuracy": 0.622299747713655,
        "macro avg": {
            "precision": 0.4409642507055622,
            "recall": 0.5161651643561811,
            "f1-score": 0.41620004950498535,
            "support": 50736.0
        },
        "weighted avg": {
            "precision": 0.8541476440138968,
            "recall": 0.622299747713655,
            "f1-score": 0.7017471814174555,
            "support": 50736.0
        }
    },
    "confusion_matrix": [
        [
            26908,
            7608,
            8225
        ],
        [
            220,
            276,
            430
        ],
        [
            970,
            1710,
            4389
        ]
    ]
}