{
    "accuracy": 0.6984192683695994,
    "micro_f1": 0.6984192683695994,
    "macro_f1": 0.43328135819223307,
    "weighted_f1": 0.7454594021447117,
    "classification_report": {
        "0": {
            "precision": 0.9454908943241808,
            "recall": 0.7081724807561826,
            "f1-score": 0.8098028199159911,
            "support": 42741.0
        },
        "1": {
            "precision": 0.02681136291094797,
            "recall": 0.09071274298056156,
            "f1-score": 0.04138950480413895,
            "support": 926.0
        },
        "2": {
            "precision": 0.32604233483001926,
            "recall": 0.7190550289998585,
            "f1-score": 0.44865174985656914,
            "support": 7069.0
        },
        "accuracy": 0.6984192683695994,
        "macro avg": {
            "precision": 0.43278153068838265,
            "recall": 0.5059800842455342,
            "f1-score": 0.43328135819223307,
            "support": 50736.0
        },
        "weighted avg": {
            "precision": 0.8424165661715302,
            "recall": 0.6984192683695994,
            "f1-score": 0.7454594021447117,
            "support": 50736.0
        }
    },
    "confusion_matrix": [
        [
            30268,
            2515,
            9958
        ],
        [
            293,
            84,
            549
        ],
        [
            1452,
            534,
            5083
        ]
    ]
}