{
    "accuracy": 0.680424156417534,
    "micro_f1": 0.680424156417534,
    "macro_f1": 0.43394632426422447,
    "weighted_f1": 0.7408490126057717,
    "classification_report": {
        "0": {
            "precision": 0.9461565261457574,
            "recall": 0.6989307690507943,
            "f1-score": 0.8039669510455634,
            "support": 42741.0
        },
        "1": {
            "precision": 0.0274318145987703,
            "recall": 0.1879049676025918,
            "f1-score": 0.047874535699546014,
            "support": 926.0
        },
        "2": {
            "precision": 0.34906396255850236,
            "recall": 0.6330456924600368,
            "f1-score": 0.44999748604756395,
            "support": 7069.0
        },
        "accuracy": 0.680424156417534,
        "macro avg": {
            "precision": 0.44088410110101,
            "recall": 0.5066271430378076,
            "f1-score": 0.43394632426422447,
            "support": 50736.0
        },
        "weighted avg": {
            "precision": 0.8461962136479093,
            "recall": 0.680424156417534,
            "f1-score": 0.7408490126057717,
            "support": 50736.0
        }
    },
    "confusion_matrix": [
        [
            29873,
            4986,
            7882
        ],
        [
            289,
            174,
            463
        ],
        [
            1411,
            1183,
            4475
        ]
    ]
}