{
    "accuracy": 0.7044110690633869,
    "micro_f1": 0.7044110690633869,
    "macro_f1": 0.4403793925155728,
    "weighted_f1": 0.7514775236029779,
    "classification_report": {
        "0": {
            "precision": 0.9444120087269151,
            "recall": 0.7190753608946913,
            "f1-score": 0.8164815897136177,
            "support": 42741.0
        },
        "1": {
            "precision": 0.034657650042265425,
            "recall": 0.132829373650108,
            "f1-score": 0.05497206703910615,
            "support": 926.0
        },
        "2": {
            "precision": 0.33337885823545477,
            "recall": 0.6906210213608714,
            "f1-score": 0.4496845207939944,
            "support": 7069.0
        },
        "accuracy": 0.7044110690633869,
        "macro avg": {
            "precision": 0.4374828390015451,
            "recall": 0.5141752519685568,
            "f1-score": 0.4403793925155728,
            "support": 50736.0
        },
        "weighted avg": {
            "precision": 0.8426730880992322,
            "recall": 0.7044110690633869,
            "f1-score": 0.7514775236029779,
            "support": 50736.0
        }
    },
    "confusion_matrix": [
        [
            30734,
            2741,
            9266
        ],
        [
            307,
            123,
            496
        ],
        [
            1502,
            685,
            4882
        ]
    ]
}